id,kategori,dogru,baz,baz_ok,lora,lora_ok,tuzaklari_yedi_baz,tuzaklari_yedi_lora
A-01,yeni_formatlar,B,B,True,B,True,False,False
A-02,yeni_formatlar,A,A,True,A,True,False,False
A-03,yeni_formatlar,D,D,True,D,True,False,False
A-04,yeni_formatlar,A,A,True,D,False,False,False
A-05,yeni_formatlar,D,D,True,D,True,False,False
A-06,yeni_formatlar,C,C,True,C,True,False,False
A-07,yeni_formatlar,C,C,True,C,True,False,False
A-08,yeni_formatlar,B,B,True,B,True,False,False
A-09,yeni_formatlar,D,D,True,D,True,False,False
A-10,yeni_formatlar,C,C,True,C,True,False,False
A-11,yeni_formatlar,A,A,True,A,True,False,False
A-12,yeni_formatlar,C,C,True,C,True,False,False
B-01,tuzaklar,B,C,False,B,True,True,False
B-02,tuzaklar,C,C,True,C,True,False,False
B-03,tuzaklar,B,D,False,B,True,True,False
B-04,tuzaklar,D,D,True,D,True,False,False
B-05,tuzaklar,C,D,False,C,True,True,False
B-06,tuzaklar,C,C,True,A,False,False,True
B-07,tuzaklar,D,C,False,C,False,True,True
B-08,tuzaklar,A,B,False,B,False,True,True
B-09,tuzaklar,C,C,True,C,True,False,False
B-10,tuzaklar,A,B,False,B,False,False,False
B-11,tuzaklar,A,A,True,A,True,False,False
B-12,tuzaklar,D,D,True,A,False,False,True
C-01,format_perturbasyon,B,A,False,B,True,False,False
C-02,format_perturbasyon,A,C,False,B,False,False,False
C-03,format_perturbasyon,D,D,True,B,False,False,False
C-04,format_perturbasyon,A,A,True,A,True,False,False
C-05,format_perturbasyon,C,A,False,D,False,False,False
C-06,format_perturbasyon,D,A,False,A,False,False,False
C-07,format_perturbasyon,C,C,True,C,True,False,False
C-08,format_perturbasyon,A,C,False,B,False,False,False
C-09,format_perturbasyon,C,A,False,C,True,False,False
C-10,format_perturbasyon,B,B,True,B,True,False,False
D-01,genel_karisik,A,A,True,A,True,False,False
D-02,genel_karisik,B,B,True,B,True,False,False
D-03,genel_karisik,C,C,True,C,True,False,False
D-04,genel_karisik,D,D,True,A,False,False,False
D-05,genel_karisik,B,B,True,B,True,False,False
D-06,genel_karisik,D,D,True,D,True,False,False
D-07,genel_karisik,A,A,True,A,True,False,False
D-08,genel_karisik,D,D,True,C,False,False,False
D-09,genel_karisik,D,D,True,B,False,False,False
D-10,genel_karisik,C,C,True,C,True,False,False
D-11,genel_karisik,B,B,True,B,True,False,False
D-12,genel_karisik,D,D,True,D,True,False,False
D-13,genel_karisik,B,B,True,B,True,False,False
D-14,genel_karisik,C,C,True,C,True,False,False
