id,kategori,dogru,baz_4x,baz_tutarli,baz_greedy,lora_4x,lora_tutarli,lora_greedy,ayni_cevap
S-01,veri_sizintisi,B,BCBB,False,B,BBBB,True,B,True
S-02,veri_sizintisi,A,BBBB,True,B,BBBB,True,B,True
S-03,veri_sizintisi,B,BBBC,False,C,BBBB,True,B,False
S-04,veri_sizintisi,C,CCCB,False,C,CCCC,True,C,True
S-05,veri_sizintisi,A,AAAA,True,A,AAAA,True,A,True
S-06,veri_sizintisi,B,BBBB,True,B,BBBB,True,B,True
S-07,veri_sizintisi,D,DDDD,True,D,DDDD,True,D,True
S-08,veri_sizintisi,B,BBBB,True,B,BBBB,True,B,True
S-09,veri_sizintisi,A,CCCC,True,C,BBBB,True,B,False
S-10,veri_sizintisi,C,CCCC,True,C,CCCC,True,C,True
S-11,veri_sizintisi,A,ACAA,False,A,AAAA,True,A,True
S-12,veri_sizintisi,B,BBBC,False,B,BBBB,True,B,True
S-13,veri_sizintisi,B,BBBB,True,B,BBBB,True,B,True
S-14,veri_sizintisi,C,CCAB,False,B,CCCC,True,C,False
S-15,veri_sizintisi,B,BBBB,True,B,BBBB,True,B,True
S-16,veri_sizintisi,B,BDBB,False,B,BBBB,True,B,True
S-17,veri_sizintisi,B,BBDD,False,B,CCCC,True,C,False
S-18,veri_sizintisi,C,ACCA,False,A,CCCC,True,C,False
S-19,veri_sizintisi,B,BBBB,True,B,BBBB,True,B,True
S-20,veri_sizintisi,B,AACC,False,A,BBBA,False,B,False
S-21,veri_sizintisi,B,CCCC,True,C,CCCC,True,C,True
S-22,veri_sizintisi,A,BAAA,False,A,AAAA,True,A,True
S-23,veri_sizintisi,B,BBBB,True,B,BBBB,True,B,True
S-24,veri_sizintisi,B,BBBB,True,B,BBBB,True,B,True
S-25,veri_sizintisi,B,CBAB,False,C,CCBC,False,C,True
S-26,kritiklik,B,CBBA,False,B,BBBB,True,B,True
S-27,kritiklik,C,-CCC,False,-,CCCC,True,C,False
S-28,kritiklik,B,DCDB,False,B,BBBB,True,B,True
S-29,kritiklik,C,BBBB,True,B,CACA,False,A,False
S-30,kritiklik,B,BBBB,True,B,BBBB,True,B,True
S-31,kritiklik,B,BBBB,True,B,BBBB,True,B,True
S-32,kritiklik,B,BBBB,True,B,BBBB,True,B,True
S-33,kritiklik,B,BBBB,True,B,BBBB,True,B,True
S-34,kritiklik,C,CCBA,False,C,CCCC,True,C,True
S-35,kritiklik,C,AAAA,True,A,CCAC,False,C,False
S-36,kritiklik,C,BCCC,False,C,CCCC,True,C,True
S-37,kritiklik,B,CCBC,False,C,BBBB,True,B,False
S-38,kritiklik,B,CBBB,False,B,BBBB,True,B,True
S-39,kritiklik,B,BBBB,True,B,BBBB,True,B,True
S-40,kritiklik,B,BAAA,False,A,BBBB,True,B,False
S-41,kritiklik,B,CBBC,False,C,BBBB,True,B,False
S-42,kritiklik,B,BBBB,True,B,BBBB,True,B,True
S-43,kritiklik,B,BBBB,True,B,BBBB,True,B,True
S-44,kritiklik,B,DBDD,False,B,BBBB,True,B,True
S-45,kritiklik,B,BAAB,False,B,BBBB,True,B,True
S-46,kritiklik,B,AAAA,True,A,BBBB,True,B,False
S-47,kritiklik,A,ACCC,False,C,AAAA,True,A,False
S-48,kritiklik,B,BBBC,False,B,BBBB,True,B,True
S-49,kritiklik,B,CBBC,False,C,BBBB,True,B,False
S-50,kritiklik,B,BBBB,True,B,BBBB,True,B,True
S-51,exception_teshis,A,AAAA,True,A,AAAA,True,A,True
S-52,exception_teshis,B,BBBB,True,B,BBBB,True,B,True
S-53,exception_teshis,A,AAAA,True,A,AAAA,True,A,True
S-54,exception_teshis,A,AAAA,True,A,AAAA,True,A,True
S-55,exception_teshis,B,CBCB,False,B,BBBB,True,B,True
S-56,exception_teshis,B,BABB,False,B,BBBB,True,B,True
S-57,exception_teshis,B,BBBB,True,B,BBBB,True,B,True
S-58,exception_teshis,A,AAAA,True,A,AAAA,True,A,True
S-59,exception_teshis,C,CBCB,False,C,CCCC,True,C,True
S-60,exception_teshis,A,AAAA,True,A,AAAA,True,A,True
S-61,exception_teshis,B,BBBC,False,B,BBBB,True,B,True
S-62,exception_teshis,A,AAAA,True,A,AAAA,True,A,True
S-63,exception_teshis,A,AAAA,True,A,AAAA,True,A,True
S-64,exception_teshis,A,AAAA,True,A,AAAA,True,A,True
S-65,exception_teshis,A,AAAA,True,A,AAAA,True,A,True
S-66,exception_teshis,A,AAAA,True,A,AAAA,True,A,True
S-67,exception_teshis,A,AAAA,True,A,AAAA,True,A,True
S-68,exception_teshis,B,BBBB,True,B,BBBB,True,B,True
S-69,exception_teshis,A,AAAA,True,A,AAAA,True,A,True
S-70,exception_teshis,A,AAAA,True,A,AAAA,True,A,True
S-71,exception_teshis,A,AAAA,True,A,AAAA,True,A,True
S-72,exception_teshis,A,AAAA,True,A,AAAA,True,A,True
S-73,exception_teshis,A,DDDD,True,D,AAAA,True,A,False
S-74,exception_teshis,A,AAAA,True,A,AAAA,True,A,True
S-75,exception_teshis,A,AAAA,True,A,AAAA,True,A,True
S-76,http_operasyon,A,AAAA,True,A,AAAA,True,A,True
S-77,http_operasyon,B,ACCC,False,A,CAAD,False,A,True
S-78,http_operasyon,A,AAAA,True,A,AAAA,True,A,True
S-79,http_operasyon,B,BBBB,True,B,BBBB,True,B,True
S-80,http_operasyon,B,BBBB,True,B,BBBB,True,B,True
S-81,http_operasyon,C,CCCC,True,C,CCCC,True,C,True
S-82,http_operasyon,B,BBBB,True,B,BBBB,True,B,True
S-83,http_operasyon,B,DDDD,True,D,BBBB,True,B,False
S-84,http_operasyon,C,CCCC,True,C,CCCC,True,C,True
S-85,http_operasyon,B,AAAA,True,A,CBBB,False,B,False
S-86,http_operasyon,A,AAAA,True,A,AAAA,True,A,True
S-87,http_operasyon,A,ADAD,False,A,AAAA,True,A,True
S-88,http_operasyon,B,BBBB,True,B,BBBB,True,B,True
S-89,http_operasyon,A,AAAA,True,A,AAAA,True,A,True
S-90,http_operasyon,A,AAAA,True,A,AAAA,True,A,True
S-91,http_operasyon,A,AAAA,True,A,AAAA,True,A,True
S-92,http_operasyon,A,AAAA,True,A,AAAA,True,A,True
S-93,http_operasyon,B,BBBB,True,B,BBBB,True,B,True
S-94,http_operasyon,A,AAAA,True,A,AAAA,True,A,True
S-95,http_operasyon,B,BBBB,True,B,BBBB,True,B,True
S-96,http_operasyon,A,BBBB,True,B,BBBB,True,B,True
S-97,http_operasyon,A,AAAA,True,A,AAAA,True,A,True
S-98,http_operasyon,B,BBBB,True,B,BBBB,True,B,True
S-99,http_operasyon,C,DDBD,False,D,DDCC,False,C,False
S-100,http_operasyon,A,AAAA,True,A,AAAA,True,A,True
